location_raw,support_group_name,website,website_label_raw
"Foley, AL",Foley,,
"Estes Park, CO",Work Travel Participant Welcome Program,https://www.facebook.com/groups/221395543835879/,Work Travel Participant Welcome Program
"Bethany Beach and Fenwick Beach, DE",ISOP of the Quiet Resorts,https://bethany-fenwick.org/seasonal-workforce/,Seasonal Workforce Information | Bethany-Fenwick Area Chamber of Commerce
"Cape Cod Affiliate - Dennis, Not West Yarmouth, MA",Cape Cod ISOP,http://www.hellosummerj1.com/,Hello Summer J-1
"Ocean City, MD",Ocean City Summer Work Travel Committee,http://ocworkforce.com/,Ocean City Seasonal Workforce
"Old Orchard Beach, ME",Old Orchard Beach ISOP,https://www.oobmaine.com/department/j1-students/,Old Orchard Beach J-1
"Branson, MO",Brason BridgeUSA,http://www.bransonj1.com/,Branson J-1
"Big Sky, MT","Big Sky, MT Community Support Group",https://www.visitbigsky.com/live-work/seasonal-workforce-events,Big Sky Seasonal Workforce
"Lake George, NY",Lake George Student Connection,https://www.facebook.com/Lake-George-Region-Student-Connection-141708136379510/?fref=ts,Facebook
"Myrtle Beach, SC",Myrtle Beach ISOP,https://www.myrtlebeachj1students.com/,Myrtle Beach J1
"Gatlinburg / Pigeon Forge / Sevierville, TN",SISOP,https://j1sisop.com/,J1 SISOP
"Park City, UT",Park City ISOP,,
"Door County, WI",Door County ISOP,,
"Door County Affiliate, WI",Affiliate: Door County Bridges of Friendship to International Students,http://dcbridges.org/,Door County Bridges
"Wisconsin Dells, WI",Wisconsin Dells BridgeUSA Community Support Group,http://dellsj1s.com/,Dells J-1
