State,ACTIVE,INITIAL,TOTAL,City_Count,Point_Count
New York,5848,179,6027,234,338
Massachusetts,5872,140,6012,184,254
Maryland,5786,132,5918,110,169
Wisconsin,5181,297,5478,87,115
Virginia,4931,252,5183,83,199
New Jersey,4968,167,5135,118,152
Florida,4129,164,4293,43,75
Alaska,3818,54,3872,31,55
Maine,3305,85,3390,100,136
Ohio,3175,200,3375,55,78
Tennessee,2851,54,2905,16,37
Pennsylvania,2750,121,2871,117,156
South Carolina,2761,91,2852,19,39
Michigan,2375,145,2520,101,148
New Hampshire,2314,107,2421,78,102
North Carolina,2302,100,2402,66,91
Montana,2113,255,2368,48,74
California,2319,46,2365,110,150
Colorado,1732,209,1941,64,105
Delaware,1750,41,1791,18,27
Texas,1584,69,1653,91,137
Illinois,1610,20,1630,50,83
Minnesota,1356,69,1425,71,101
Wyoming,1213,191,1404,31,43
Missouri,1078,34,1112,36,58
South Dakota,1008,58,1066,17,28
Rhode Island,1006,24,1030,14,20
Utah,928,64,992,35,59
Washington,908,38,946,55,90
Alabama,783,25,808,12,18
Vermont,702,69,771,45,62
Nevada,626,9,635,14,24
Iowa,581,3,584,27,36
Oregon,523,19,542,41,60
Idaho,471,47,518,31,40
Connecticut,471,10,481,37,49
Indiana,358,35,393,20,26
Georgia,370,10,380,20,24
Arizona,284,39,323,12,16
Hawaii,278,30,308,14,21
North Dakota,289,6,295,15,20
New Mexico,265,5,270,14,23
West Virginia,156,36,192,14,19
Arkansas,183,0,183,12,12
District of Columbia,97,0,97,1,12
Nebraska,65,2,67,14,15
Kansas,63,2,65,17,23
Mississippi,52,0,52,2,2
Kentucky,41,1,42,12,14
Oklahoma,42,0,42,6,9
Louisiana,8,0,8,3,5
