location_raw,support_group_name,website,website_label_raw,state,state_code,location_normalized,location_scope,matched_city,match_type,match_confidence,match_note
"Foley, AL",Foley,,,Alabama,AL,Foley,city,Foley,exact,high,
"Estes Park, CO",Work Travel Participant Welcome Program,https://www.facebook.com/groups/221395543835879/,Work Travel Participant Welcome Program,Colorado,CO,Estes Park,city,Estes Park,exact,high,
"Bethany Beach and Fenwick Beach, DE",ISOP of the Quiet Resorts,https://bethany-fenwick.org/seasonal-workforce/,Seasonal Workforce Information | Bethany-Fenwick Area Chamber of Commerce,Delaware,DE,Bethany Beach and Fenwick Beach,multi_city,Bethany Beach,multi_city,low,
"Cape Cod Affiliate - Dennis, Not West Yarmouth, MA",Cape Cod ISOP,http://www.hellosummerj1.com/,Hello Summer J-1,Massachusetts,MA,"Cape Cod Affiliate - Dennis, Not West Yarmouth",affiliate,Dennis; West Yarmouth,regional,low,
"Ocean City, MD",Ocean City Summer Work Travel Committee,http://ocworkforce.com/,Ocean City Seasonal Workforce,Maryland,MD,Ocean City,city,Ocean City,exact,high,
"Old Orchard Beach, ME",Old Orchard Beach ISOP,https://www.oobmaine.com/department/j1-students/,Old Orchard Beach J-1,Maine,ME,Old Orchard Beach,city,Old Orchard Beach,exact,high,
"Branson, MO",Brason BridgeUSA,http://www.bransonj1.com/,Branson J-1,Missouri,MO,Branson,city,Branson,exact,high,
"Big Sky, MT","Big Sky, MT Community Support Group",https://www.visitbigsky.com/live-work/seasonal-workforce-events,Big Sky Seasonal Workforce,Montana,MT,Big Sky,city,Big Sky,exact,high,
"Lake George, NY",Lake George Student Connection,https://www.facebook.com/Lake-George-Region-Student-Connection-141708136379510/?fref=ts,Facebook,New York,NY,Lake George,city,Lake George,exact,high,
"Myrtle Beach, SC",Myrtle Beach ISOP,https://www.myrtlebeachj1students.com/,Myrtle Beach J1,South Carolina,SC,Myrtle Beach,city,Myrtle Beach,exact,high,
"Gatlinburg / Pigeon Forge / Sevierville, TN",SISOP,https://j1sisop.com/,J1 SISOP,Tennessee,TN,Gatlinburg / Pigeon Forge / Sevierville,multi_city,Gatlinburg; Pigeon Forge; Sevierville,multi_city,medium,
"Park City, UT",Park City ISOP,,,Utah,UT,Park City,city,Park City,exact,high,
"Door County, WI",Door County ISOP,,,Wisconsin,WI,Door County,county_or_region,,unmatched,none,county_or_region 类型记录，未匹配到具体城市
"Door County Affiliate, WI",Affiliate: Door County Bridges of Friendship to International Students,http://dcbridges.org/,Door County Bridges,Wisconsin,WI,Door County Affiliate,affiliate,,unmatched,none,affiliate 类型记录，未匹配到具体城市
"Wisconsin Dells, WI",Wisconsin Dells BridgeUSA Community Support Group,http://dellsj1s.com/,Dells J-1,Wisconsin,WI,Wisconsin Dells,city,Wisconsin Dells,exact,high,
