state,state_code,active,initial,total,city_count,point_count,top_city_record,top_city_record_total,active_share,national_rank_by_total,support_group_record_count,source_name,dataset_last_refresh,retrieved_at
New York,NY,5848,179,6027,234,338,Lake George,534,0.9703,1,1,SWTDashboard,2026-07-20T19:41:07.883,2026-09-26T15:01:52
Massachusetts,MA,5872,140,6012,184,254,Nantucket,660,0.976713,2,1,SWTDashboard,2026-07-20T19:41:07.883,2026-09-26T15:01:52
Maryland,MD,5786,132,5918,110,169,Ocean City,3693,0.977695,3,1,SWTDashboard,2026-07-20T19:41:07.883,2026-09-26T15:01:52
Wisconsin,WI,5181,297,5478,87,115,Wisconsin Dells,3116,0.945783,4,3,SWTDashboard,2026-07-20T19:41:07.883,2026-09-26T15:01:52
Virginia,VA,4931,252,5183,83,199,Virginia Beach,1042,0.95138,5,0,SWTDashboard,2026-07-20T19:41:07.883,2026-09-26T15:01:52
New Jersey,NJ,4968,167,5135,118,152,Wildwood,1721,0.967478,6,0,SWTDashboard,2026-07-20T19:41:07.883,2026-09-26T15:01:52
Florida,FL,4129,164,4293,43,75,Orlando,2160,0.961798,7,0,SWTDashboard,2026-07-20T19:41:07.883,2026-09-26T15:01:52
Alaska,AK,3818,54,3872,31,55,Denali National Park,845,0.986054,8,0,SWTDashboard,2026-07-20T19:41:07.883,2026-09-26T15:01:52
Maine,ME,3305,85,3390,100,136,Old Orchard Beach,447,0.974926,9,1,SWTDashboard,2026-07-20T19:41:07.883,2026-09-26T15:01:52
Ohio,OH,3175,200,3375,55,78,Sandusky,2159,0.940741,10,0,SWTDashboard,2026-07-20T19:41:07.883,2026-09-26T15:01:52
Tennessee,TN,2851,54,2905,16,37,Nashville,1138,0.981411,11,1,SWTDashboard,2026-07-20T19:41:07.883,2026-09-26T15:01:52
Pennsylvania,PA,2750,121,2871,117,156,Hershey,512,0.957854,12,0,SWTDashboard,2026-07-20T19:41:07.883,2026-09-26T15:01:52
South Carolina,SC,2761,91,2852,19,39,Myrtle Beach,2050,0.968093,13,1,SWTDashboard,2026-07-20T19:41:07.883,2026-09-26T15:01:52
Michigan,MI,2375,145,2520,101,148,Mackinac Island,285,0.94246,14,0,SWTDashboard,2026-07-20T19:41:07.883,2026-09-26T15:01:52
New Hampshire,NH,2314,107,2421,78,102,Hampton,407,0.955803,15,0,SWTDashboard,2026-07-20T19:41:07.883,2026-09-26T15:01:52
North Carolina,NC,2302,100,2402,66,91,Corolla,392,0.958368,16,0,SWTDashboard,2026-07-20T19:41:07.883,2026-09-26T15:01:52
Montana,MT,2113,255,2368,48,74,Big Sky,388,0.892314,17,1,SWTDashboard,2026-07-20T19:41:07.883,2026-09-26T15:01:52
California,CA,2319,46,2365,110,150,San Diego,322,0.98055,18,0,SWTDashboard,2026-07-20T19:41:07.883,2026-09-26T15:01:52
Colorado,CO,1732,209,1941,64,105,Estes Park,578,0.892324,19,1,SWTDashboard,2026-07-20T19:41:07.883,2026-09-26T15:01:52
Delaware,DE,1750,41,1791,18,27,Rehoboth Beach,931,0.977108,20,1,SWTDashboard,2026-07-20T19:41:07.883,2026-09-26T15:01:52
Texas,TX,1584,69,1653,91,137,Galveston,503,0.958258,21,0,SWTDashboard,2026-07-20T19:41:07.883,2026-09-26T15:01:52
Illinois,IL,1610,20,1630,50,83,Chicago,1199,0.98773,22,0,SWTDashboard,2026-07-20T19:41:07.883,2026-09-26T15:01:52
Minnesota,MN,1356,69,1425,71,101,Shakopee,326,0.951579,23,0,SWTDashboard,2026-07-20T19:41:07.883,2026-09-26T15:01:52
Wyoming,WY,1213,191,1404,31,43,Yellowstone National Park,460,0.86396,24,0,SWTDashboard,2026-07-20T19:41:07.883,2026-09-26T15:01:52
Missouri,MO,1078,34,1112,36,58,Branson,514,0.969424,25,1,SWTDashboard,2026-07-20T19:41:07.883,2026-09-26T15:01:52
South Dakota,SD,1008,58,1066,17,28,Keystone,328,0.945591,26,0,SWTDashboard,2026-07-20T19:41:07.883,2026-09-26T15:01:52
Rhode Island,RI,1006,24,1030,14,20,Newport,430,0.976699,27,0,SWTDashboard,2026-07-20T19:41:07.883,2026-09-26T15:01:52
Utah,UT,928,64,992,35,59,Farmington,305,0.935484,28,1,SWTDashboard,2026-07-20T19:41:07.883,2026-09-26T15:01:52
Washington,WA,908,38,946,55,90,Seattle,163,0.959831,29,0,SWTDashboard,2026-07-20T19:41:07.883,2026-09-26T15:01:52
Alabama,AL,783,25,808,12,18,Orange Beach,321,0.969059,30,1,SWTDashboard,2026-07-20T19:41:07.883,2026-09-26T15:01:52
Vermont,VT,702,69,771,45,62,Stowe,179,0.910506,31,0,SWTDashboard,2026-07-20T19:41:07.883,2026-09-26T15:01:52
Nevada,NV,626,9,635,14,24,Stateline,223,0.985827,32,0,SWTDashboard,2026-07-20T19:41:07.883,2026-09-26T15:01:52
Iowa,IA,581,3,584,27,36,Arnolds Park,200,0.994863,33,0,SWTDashboard,2026-07-20T19:41:07.883,2026-09-26T15:01:52
Oregon,OR,523,19,542,41,60,Bend,242,0.964945,34,0,SWTDashboard,2026-07-20T19:41:07.883,2026-09-26T15:01:52
Idaho,ID,471,47,518,31,40,Sun Valley,213,0.909266,35,0,SWTDashboard,2026-07-20T19:41:07.883,2026-09-26T15:01:52
Connecticut,CT,471,10,481,37,49,Kent,77,0.97921,36,0,SWTDashboard,2026-07-20T19:41:07.883,2026-09-26T15:01:52
Indiana,IN,358,35,393,20,26,Santa Claus,178,0.910941,37,0,SWTDashboard,2026-07-20T19:41:07.883,2026-09-26T15:01:52
Georgia,GA,370,10,380,20,24,Sea Island,83,0.973684,38,0,SWTDashboard,2026-07-20T19:41:07.883,2026-09-26T15:01:52
Arizona,AZ,284,39,323,12,16,Grand Canyon,112,0.879257,39,0,SWTDashboard,2026-07-20T19:41:07.883,2026-09-26T15:01:52
Hawaii,HI,278,30,308,14,21,Lahaina,67,0.902597,40,0,SWTDashboard,2026-07-20T19:41:07.883,2026-09-26T15:01:52
North Dakota,ND,289,6,295,15,20,Medora,169,0.979661,41,0,SWTDashboard,2026-07-20T19:41:07.883,2026-09-26T15:01:52
New Mexico,NM,265,5,270,14,23,Glorieta,126,0.981481,42,0,SWTDashboard,2026-07-20T19:41:07.883,2026-09-26T15:01:52
West Virginia,WV,156,36,192,14,19,Snowshoe,59,0.8125,43,0,SWTDashboard,2026-07-20T19:41:07.883,2026-09-26T15:01:52
Arkansas,AR,183,0,183,12,12,Mount Ida,89,1.0,44,0,SWTDashboard,2026-07-20T19:41:07.883,2026-09-26T15:01:52
District of Columbia,DC,97,0,97,1,12,Washington,97,1.0,45,0,SWTDashboard,2026-07-20T19:41:07.883,2026-09-26T15:01:52
Nebraska,NE,65,2,67,14,15,Sidney,11,0.970149,46,0,SWTDashboard,2026-07-20T19:41:07.883,2026-09-26T15:01:52
Kansas,KS,63,2,65,17,23,Kansas City,17,0.969231,47,0,SWTDashboard,2026-07-20T19:41:07.883,2026-09-26T15:01:52
Mississippi,MS,52,0,52,2,2,Hattiesburg,33,1.0,48,0,SWTDashboard,2026-07-20T19:41:07.883,2026-09-26T15:01:52
Kentucky,KY,41,1,42,12,14,Burlington,10,0.97619,49,0,SWTDashboard,2026-07-20T19:41:07.883,2026-09-26T15:01:52
Oklahoma,OK,42,0,42,6,9,Oklahoma City,28,1.0,49,0,SWTDashboard,2026-07-20T19:41:07.883,2026-09-26T15:01:52
Louisiana,LA,8,0,8,3,5,New Orleans,6,1.0,51,0,SWTDashboard,2026-07-20T19:41:07.883,2026-09-26T15:01:52
